*NSYNC featuring Nelly,Girlfriend (The Neptunes Remix),284
2AM Club,Worry About You,191
3 Doors Down,The Road I'm On,238
3 Doors Down,Here Without You,234
3 Doors Down,Be Like That,235
3 Doors Down,When I'm Gone,254
3 Doors Down,Let Me Go,232
3 Doors Down,Kryptonite,233
3LW,Playas Gon' Play,221
3LW,No More (Baby I'ma Do Right),204
3OH!3,Don't Trust Me,192
3OH!3 featuring Kesha,My First Kiss,192
5 Seconds of Summer,Amnesia,220
5 Seconds of Summer,She's Kinda Hot,216
5 Seconds of Summer,She Looks So Perfect,202
98 Degrees,Because of You,297
98 Degrees,The Hardest Thing,275
98 Degrees,Give Me Just One Night (Una Noche),204
A Great Big World,This Is the New Year,192
A Great Big World,Already Home,227
A Great Big World and Christina Aguilera,Say Something,227
Aaliyah,Rock the Boat,273
Aaliyah,Try Again,284
Aaliyah,I Care 4 U,272
Aaliyah,Miss You,236
Aaliyah,More Than a Woman,228
Aanysa,Burn Break Crash,223
Aaron Carter,Fool's Gold,196
Aaron Carter,Aaron's Party (Come Get It),205
Adam Lambert,Whataya Want from Me,224
Adam Lambert,If I Had You,224
Adele,Rolling in the Deep,226
Adele,Someone like You,281
Adema,Giving In,235
Aerosmith,Just Push Play,197
Aerosmith,Jaded,214
Agnes,Release Me,253
Akon featuring Snoop Dogg,I Wanna Love You,236
Akon featuring Styles P,Locked Up,229
Alessia Cara,Scars to Your Beautiful,225
Alessia Cara,Wild Things,186
Alessia Cara,Here,197
Alex & Sierra,Scarecrow,203
Alex Aiono,Doesn't Get Better,182
Alex B,Too Cool,209
Alex Clare,Too Close,251
Alexandra Stan,Mr. Saxobeat,192
Alicia Keys,No One,253
All Saints,Never Ever (Single Edit),294
All Time Low,Something's Gotta Give,187
Aloe Blacc,The Man,209
AlunaGeorge featuring Popcaan,I'm in Control,209
Alx Veliz,Dancing Kizomba (English Version),189
Amanda Perez,Angel,217
American Authors,Best Day of My Life,193
American Hi-Fi,Flavor of the Weak,188
Amerie,1 Thing,234
Andrew Allen,Loving You Tonight,179
Andrew Grant,Thinking for a While,192
Andy Grammer,"Honey, I'm Good.",198
Andy Grammer,Good to Be Alive (Hallelujah),188
Anna Kendrick,Cups (Pitch Perfect's When I'm Gone),125
Anna Nalick,Breathe (2 AM),247
Aqua,Barbie Girl,196
Ariana Grande,Into You,238
Ariana Grande,One Last Time,193
Ariana Grande,Focus,208
Ariana Grande,Dangerous Woman,229
Ariana Grande and The Weeknd,Love Me Harder,230
Ariana Grande featuring Iggy Azalea,Problem,191
Ariana Grande featuring Mac Miller,The Way,224
Ariana Grande featuring Nicki Minaj,Side to Side,222
Ariana Grande featuring Zedd,Break Free,212
Ashanti,Only U,186
Ashlee Simpson,Pieces of Me,215
Ashley Parker Angel,Let U Go,216
Ashlyne Huff,Heart of Gold,213
ATC,Around the World (La La La La La),214
Avicii,Wake Me Up,244
Avicii,Hey Brother,252
Avril Lavigne,Here's to Never Growing Up,217
Avril Lavigne,When You're Gone,237
Avril Lavigne,What the Hell,229
Avril Lavigne,Girlfriend,215
Awolnation,Sail,258
B.o.B featuring Bruno Mars,Nothin' on You,217
B.o.B featuring Rivers Cuomo,Magic,193
B2K,Girlfriend,203
B2K,Uh Huh,186
B2K and P. Diddy,"Bump, Bump, Bump",232
Baby Bash featuring Akon,Baby I'm Back,220
Baby Bash featuring Frankie J.,Suga Suga,238
Baby Bash featuring Perla Cruz & Russell Lee,Shorty Doowop,197
Baby Bash featuring T-Pain,Cyclone,221
Backstreet Boys,More Than That,221
Backstreet Boys,I'll Never Break Your Heart,287
Backstreet Boys,Drowning,266
Backstreet Boys,Larger than Life,232
Backstreet Boys,As Long as You Love Me,212
Backstreet Boys,The Call (Neptunes Remix),233
Backstreet Boys,Just Want You to Know,232
Backstreet Boys,Shape of My Heart,229
Backstreet Boys,Incomplete,235
Backstreet Boys,All I Have to Give,275
Backstreet Boys,Show Me the Meaning of Being Lonely,233
Bad Meets Evil featuring Bruno Mars,Lighters,302
Baha Men,Move It Like This,202
Banks,Beggin for Thread,246
Basic Vacation,I Believe,196
Bastille,Pompeii,212
Baz Luhrmann,Everybody's Free (To Wear Sunscreen) (Edit),305
BBMak,Back Here,217
Beastie Boys,Ch-Check It Out,190
Becky G,Shower,204
Beenie Man featuring Janet Jackson,Feel It Boy,201
Beenie Man featuring Ms. Thing,Dude,231
Ben Harper,Steal My Kisses,245
Ben Rector,Brand New,240
Betty Who,All Of You,236
Beyoncé,"Me, Myself and I",301
Beyoncé,Irreplaceable,225
Beyoncé,Halo,223
Beyoncé,Naughty Girl,205
Beyoncé,Check on It,209
Beyoncé and Shakira,Beautiful Liar,197
Beyoncé featuring Jay-Z,Crazy in Love,235
Beyoncé featuring Jay-Z,Déjà Vu,240
Bibi Bourelly,Sally,169
Black Veil Brides,In the End,225
Blackstreet & Mýa featuring Mase & Blinky Blink,Take Me There,244
Blake Shelton,Honey Bee,219
Blessid Union of Souls,Hey Leonardo (She Likes Me for Me),206
Blink-182,Feeling This,173
Blink-182,The Rock Show,169
Blink-182,All the Small Things,167
Blink-182,First Date,169
Blink-182,What's My Age Again?,149
Bobby V,Slow Down,232
Bon Jovi,Everyday,177
Bon Jovi,It's My Life,223
Bone Thugs-n-Harmony featuring Akon,I Tried,287
Born Cages,Don't Look Back,268
Bow Wow featuring Baby,Let's Get Down,259
Bow Wow featuring Chris Brown & Johntá Austin,Shortie Like Mine,267
Bow Wow featuring Ciara,Like You,205
Bow Wow featuring J-Kwon and Jermaine Dupri,Fresh AZIMIZ,228
Bow Wow featuring T-Pain & Johntá Austin,Outta My System,232
Bowling for Soup,Girl All the Bad Guys Want,196
Bowling for Soup,1985,192
Boys Like Girls,Hero/Heroine,223
Boys Like Girls,Thunder,237
Boys Like Girls,Heart Heart Heartbreak,203
Boys Like Girls,Love Drunk,221
Boys Like Girls,The Great Escape,206
Breathe Carolina,Blackout,208
Brian McKnight,Anytime,271
Britney Spears,Toxic,198
Britney Spears,...Baby One More Time,212
Britney Spears,Break the Ice,193
Britney Spears,I'm a Slave 4 U,203
Britney Spears,Work Work,246
Britney Spears,(You Drive Me) Crazy,198
Britney Spears,Piece of Me,210
Britney Spears,If U Seek Amy,213
Britney Spears,Overprotected (The Darkchild Remix),186
Britney Spears,Don't Let Me Be the Last to Know,230
Britney Spears,Hold It Against Me,226
Britney Spears,Stronger,202
Britney Spears,I Wanna Go,208
Britney Spears,Till the World Ends,234
Britney Spears,Everytime,221
Britney Spears,Sometimes,237
Britney Spears,Lucky,204
Britney Spears,Womanizer,222
Britney Spears featuring G-Eazy,Make Me...,229
Britt Nicole,Gold,178
Brooke Valentine featuring Big Boi and Lil Jon,Girlfight,214
Bruno Mars,Locked Out of Heaven,230
Bruno Mars,When I Was Your Man,211
Bruno Mars,Gorilla,238
Bruno Mars,Treasure,174
Bruno Mars,It Will Rain,253
Bruno Mars,Grenade,218
Bruno Mars,The Lazy Song,187
Bruno Mars,24K Magic,224
Bruno Mars,Just the Way You Are,215
Bruno Mars,Young Girls,228
Bryson Tiller,Don't,198
Bubba Sparxxx,Ms. New Booty,200
Cady Groves,Love Actually,228
Cake,Never There,164
Calvin Harris,Feel So Close,202
Calvin Harris featuring Ellie Goulding,I Need Your Love,230
Calvin Harris featuring Ellie Goulding,Outside,225
Calvin Harris featuring Florence Welch,Sweet Nothing,208
Calvin Harris featuring John Newman,Blame,205
Calvin Harris featuring Ne-Yo,Let's Go,224
Calvin Harris featuring Rihanna,This Is What You Came For,218
Capital Cities,Safe and Sound,190
Capital Cities,Safe and Sound,192
Carly Rae Jepsen,Call Me Maybe,192
Carrie Underwood,Before He Cheats,197
Carrie Underwood,Undo It,176
Cascada,Everytime We Touch,197
Case,Happily Ever After,278
Cee Lo Green,Forget You,220
Celine Dion,A New Day Has Come,258
Chad Kroeger featuring Josey Scott,Hero,190
Chamillionaire featuring Krayzie Bone,Ridin',243
Chanté Moore,Chanté's Got a Man,266
Charice,Note to God,239
Charli XCX,Boom Clap,167
Charlie Puth,One Call Away,190
Charlie Puth featuring Meghan Trainor,Marvin Gaye,187
Charlie Puth featuring Selena Gomez,We Don't Talk Anymore,214
Cher Lloyd,Want U Back,212
Cherish featuring Sean Paul of YoungBloodZ,Do It to It,220
Cherish featuring Young Joc,Killa,228
Cherry Poppin' Daddies,Zoot Suit Riot,233
Chevelle,Send the Pain Below,250
Chevelle,The Red,235
Chevelle,Vitamin R (Leading Us Along),222
Chiddy Bang featuring Icona Pop,Mind Your Manners,194
Chingy,Right Thurr,216
Chingy,Balla Baby,213
Chingy featuring J. Weav,One Call Away,255
Chingy featuring Ludacris and Snoop Dogg,Holidae In,269
Chingy featuring Tyrese,Pullin' Me Back,232
Chris Brown,Run It!,192
Chris Brown,Say Goodbye,285
Chris Brown,With You,251
Chris Brown,Turn Up the Music,224
Chris Brown,Don't Wake Me Up,220
Chris Brown,Forever,276
Chris Brown,Wall to Wall,220
Chris Brown,Yeah 3x,238
Chris Brown,Yo (Excuse Me Miss),228
Chris Brown featuring Lil Wayne & Busta Rhymes,Look at Me Now,222
Chris Brown featuring T-Pain,Kiss Kiss,250
Chris Brown featuring Tyga and Kevin McCall,Deuces,274
Chris Lane,Fix,189
Christina Aguilera,Ain't No Other Man,226
Christina Aguilera,Keeps Gettin' Better,180
Christina Milian,AM to PM,213
Christina Milian,Dip It Low,194
Ciara,Promise,267
Ciara featuring Justin Timberlake,Love Sex Magic,219
Ciara featuring Ludacris,Oh,255
Ciara featuring Petey Pablo,Goodies,223
Citizen Four,Testify,228
City High,What Would You Do?,170
City High featuring Eve,Caramel (Trackmasters Remix),214
Clairity,Scarecrow,220
Classified,That's What I Do,227
Clean Bandit featuring Jess Glynne,Rather Be,225
Cobra Starship featuring Leighton Meester,Good Girls Go Bad,195
Cobra Starship featuring Sabi,You Make Me Feel...,211
Cody Simpson,All Day,186
Coin,Talk Too Much,185
Colbie Caillat,Realize,242
Coldplay,Clocks,250
Coldplay,Hymn for the Weekend,256
Coldplay,In My Place,226
Coldplay,Fix You,293
Coldplay,Yellow,268
Coldplay,A Sky Full of Stars,268
Coldplay,Paradise,276
Coldplay,Speed of Sound,261
Coldplay,Adventure of a Lifetime,263
Connell Cruise,Into the Wild,192
Conrad Sewell,Hold Me Up,204
Conway,Big Talk,219
Corinne Bailey Rae,Put Your Records On,213
Counting Crows featuring Vanessa Carlton,Big Yellow Taxi,223
Creed,One Last Breath,237
Creed,With Arms Wide Open,232
Crossfade,Cold,193
D.H.T. featuring Edmée,Listen to Your Heart,268
D.R.A.M. featuring Lil Yachty,Broccoli,223
D12,My Band,282
Daft Punk featuring Pharrell Williams,Get Lucky,247
Dagny featuring Børns,Fool's Gold,238
Daniel Bedingfield,If You're Not the One,242
Daniel Powter,Bad Day,229
Daniel Skye,Smile,156
Danny Mercer,Who Are You Loving Now?,211
Darius Rucker,Don't Think I Don't Think About It,181
Daughtry,Life After You,204
Daughtry,It's Not Over,206
Daughtry,Feels Like Tonight,237
Daughtry,What About Now,249
Daughtry,Over You,204
Daughtry,September,237
Daughtry,No Surprise,248
Daughtry,Home,252
Dave Barnes,Little Lies,165
David Archuleta,Crush,207
David Cook,Light On,227
David Guetta & Chris Willis featuring Fergie & LMFAO,Gettin' Over You,184
David Guetta featuring Akon,Sexy Chick,192
David Guetta featuring Chris Brown and Lil Wayne,I Can Only Imagine,208
David Guetta featuring Kid Cudi,Memories,208
David Guetta featuring Nicki Minaj,Turn Me On,199
"David Guetta featuring Nicki Minaj, Bebe Rexha and Afrojack",Hey Mama,191
David Guetta featuring Sia,Titanium,210
David Guetta featuring Usher,Without You,206
Daya,"Sit Still, Look Pretty",198
Daya,Hide Away,189
Days Difference,Speakers,255
"Dem Franchize Boyz featuring Jermaine Dupri, Da Brat and Bow Wow",I Think They Like Me (Remix),282
Dem Franchize Boyz featuring Peanut and Charlay,"Lean wit It, Rock wit It",228
Demi Lovato,Heart Attack,208
Demi Lovato,Give Your Heart a Break,204
Demi Lovato,Skyscraper,231
Demi Lovato,Cool for the Summer,213
Demi Lovato,Confident,203
Demi Lovato featuring Cher Lloyd,Really Don't Care,199
Desiigner,Panda,224
Destiny's Child,Bootylicious,207
Destiny's Child,Emotion,234
Destiny's Child,Survivor,240
Destiny's Child,Cater 2 U,243
Destiny's Child,Independent Women Part I,219
Destiny's Child,Girl,219
Destiny's Child,"Jumpin', Jumpin'",227
Destiny's Child featuring T.I. and Lil Wayne,Soldier,243
Dev,In the Dark,225
Dev featuring The Cataracs,Bass Down Low,209
Diddy – Dirty Money featuring Skylar Grey,Coming Home,238
Dirty Vegas,Days Go By,218
Dixie Chicks,Landslide,226
DJ Snake and AlunaGeorge,You Know You Like It,244
DJ Snake and Lil Jon,Turn Down for What,212
DJ Snake featuring Bipolar Sunshine,Middle,215
DJ Snake featuring Justin Bieber,Let Me Love You,203
DNCE,Cake by the Ocean,215
Drake,Best I Ever Had,255
Drake featuring Majid Jordan,"Hold On, We're Going Home",225
Dru Hill,I Should Be...,260
Eamon,I Don't Want You Back,224
Ed Sheeran,The A Team,258
Ed Sheeran,Thinking Out Loud,277
Ed Sheeran,Don't,216
Ed Sheeran,Photograph,255
Eden xo,Too Cool to Dance,188
Edward Maya and Vika Jigulina,Stereo Love,184
Eiffel 65,Blue (Da Ba Dee),206
Elijah Blake,I Just Wanna...,250
Elle King,Ex's & Oh's,200
Ellie Goulding,Burn,229
Ellie Goulding,Lights,209
Ellie Goulding,Love Me like You Do,248
Ellie Goulding,Something in the Way You Move,223
Ellie Goulding,On My Mind,207
Elliott Yamin,Wait for You,238
Elvis Presley,Suspicious Minds (Live In Concert),255
Emeli Sandé,Next to Me (Radio Mix),194
Eminem,Mockingbird,250
Eminem featuring Rihanna,Love the Way You Lie,262
Enrique Iglesias,Escape,206
Enrique Iglesias,Bailamos,213
Enrique Iglesias featuring Ludacris & DJ Frank E,Tonight (I'm Lovin' You),229
"Enrique Iglesias featuring Sean Paul, Descemer Bueno and Gente de Zona",Bailando,240
Eric Church,Springsteen,260
Eva Simons,I Don't Like You,251
Evan and Jaron,From My Head to My Heart,190
Evan and Jaron,Crazy for This Girl,201
Eve featuring Alicia Keys,Gangsta Lovin',238
Eve featuring Gwen Stefani,Let Me Blow Ya Mind,223
Everclear,Father of Mine,232
Everclear,I Will Buy You a New Life,238
Everclear,AM Radio,229
Everclear,Wonderful,272
Fabolous featuring Ne-Yo,Make Me Better,253
Fabolous featuring The-Dream,Throw It in the Bag,230
Fall Out Boy,"Dance, Dance",179
Fall Out Boy,My Songs Know What You Did in the Dark (Light Em Up),186
Fall Out Boy,Centuries,226
Fall Out Boy,"Sugar, We're Goin' Down",226
Fall Out Boy,Thnks fr th Mmrs,202
Fall Out Boy,Uma Thurman,211
Fall Out Boy featuring John Mayer,Beat It,226
Fancy Reagan,Knock Me Out,202
Far East Movement featuring The Cataracs & Dev,Like a G6,216
Fastball,The Way,256
Fastball,Out of My Head,152
Fatboy Slim,Praise You (Radio Edit),204
Fatboy Slim,The Rockafeller Skank,209
Fefe Dobson,Everything,221
Fergie,Clumsy,199
Fergie,London Bridge,207
Fergie,Big Girls Don't Cry,254
Fergie featuring Ludacris,Glamorous,246
Fergie featuring will.i.am,Fergalicious,222
Fifth Harmony,That's My Girl,203
Fifth Harmony featuring Kid Ink,Worth It,222
Fifth Harmony featuring Ty Dolla Sign,Work from Home,213
Finger Eleven,One Thing,270
Finger Eleven,Paralyzer,205
Five for Fighting,100 Years,246
Flex featuring Belinda,Te Quiero (Spanglish Version),194
Flo Rida,Good Feeling,245
Flo Rida,Whistle,223
Flo Rida,Right Round,204
Flo Rida,I Cry,218
Flo Rida,My House,191
Flo Rida featuring Sage the Gemini and Lookas,G.D.F.R.,187
Florida Georgia Line,Cruise,218
Flume featuring Kai,Never Be like You,233
Flyleaf,All Around Me,197
Foster the People,Pumped Up Kicks,235
Fountains of Wayne,Stacy's Mom,195
Foxes,Youth,220
Frankie,New Obsession,222
Frankie J,Don't Wanna Try,246
Frankie J,How to Deal,232
Frankie J featuring Baby Bash,Obsession (No Es Amor),222
Franz Ferdinand,Take Me Out,236
Franz Ferdinand,Do You Want To,215
Free Energy,Bang Pop,217
Frickin' A,Jessie's Girl,174
Fuel,Falls on Me,250
Fuel,Bad Day,193
Fuel,Hemorrhage (In My Hands),236
Fun,Carry On,278
G-Eazy and Bebe Rexha,"Me, Myself & I",250
G.R.L.,Show Me What You Got,214
Garbage,I Think I'm Paranoid,218
Garbage,Special,225
Gavin DeGraw,In Love with a Girl,205
Gavin DeGraw,Not Over You,214
Gavin James,Bitter Pill,238
Ginuwine,In Those Jeans,242
Ginuwine,Differences,248
Ginuwine,Stingy,239
Ginuwine featuring Baby,Hell Yeah,218
Gnash featuring Olivia O'Brien,"I Hate U, I Love U",226
Godsmack,Serenity,225
Good Charlotte,Girls & Boys,181
Good Charlotte,Hold On,243
Good Charlotte,I Don't Want to Be in Love (Dance Floor Anthem),227
Good Charlotte,I Just Wanna Live,164
Gorillaz,Dare,211
Gorillaz,Clint Eastwood,222
Gorillaz featuring De La Soul,Feel Good Inc.,207
Gotye featuring Kimbra,Somebody That I Used to Know,243
Grace featuring G-Eazy,You Don't Own Me,198
Graffiti6,Free,227
Gretchen Wilson,Here for the Party,196
Gretchen Wilson,Redneck Woman,220
Greyson Chance,Waiting Outside the Lines,231
Gwen Stefani,What You Waiting For?,217
Gwen Stefani,Hollaback Girl,198
Gwen Stefani featuring Akon,The Sweet Escape,245
Gym Class Heroes featuring Adam Levine,Stereo Hearts,210
Gym Class Heroes featuring Neon Hitch,Get Yourself Back Home,220
Hailee Steinfeld and Grey featuring Zedd,Starving,179
Halestorm,Here's to Us,175
Hanson,This Time Around,255
Hanson,MMMBop,267
Harvey Danger,Flagpole Sitta,215
Havana Brown featuring Pitbull,We Run the Night,227
Hellogoodbye,Here (In Your Arms),217
Hey Violet,Guys My Age,210
Hilary Duff,All About You,159
Hinder,Lips of an Angel,259
Hoobastank,Running Away,178
Hoobastank,Disappear,237
Hoobastank,The Reason,230
Hot Chelle Rae,Tonight Tonight,198
Hot Chelle Rae,Tonight Tonight,198
"Houston featuring Chingy, Nate Dogg & I-20",I Like That,226
Howie Day,Collide,246
Huey,"Pop, Lock & Drop It",261
Hunter Hayes,Somebody's Heartbreak,226
Icona Pop featuring Charli XCX,I Love It,153
Ideal,Get Gone,271
Idina Menzel,Let It Go,219
Iggy Azalea featuring Charli XCX,Fancy,195
Iggy Azalea featuring MØ,Beg for It,176
Iggy Azalea featuring Rita Ora,Black Widow,208
Imagine Dragons,Radioactive,186
Imagine Dragons,Demons,174
Imagine Dragons,It's Time,237
Imajin,Shorty (You Keep Playin' with My Mind),294
Incubus,Wish You Were Here,212
Incubus,Drive,232
Iyaz,Replay,180
Iyaz,Solo,200
J-Kwon,You & Me,263
J. Cole,Work Out,232
J. Holiday,Suffocate,214
J. Holiday,Bed,228
Ja Rule featuring Ashanti,Always on Time,208
Ja Rule featuring Case,Livin' It Up,258
Jack and Eliza,Hold the Line,176
Jacob Latimore,This or That,198
Jacob Latimore featuring T-Pain,Heartbreak Heard Around the World,175
Jacob Whitesides,Lovesick,193
Jadagrace,Run Dat Back,216
Jadakiss featuring Anthony Hamilton,Why?,241
Jade Anderson,Sugarhigh,203
Jagged Edge,Walked Outta Heaven,228
Jaicko,Fast Forward,208
James Bay,Let It Go,258
Jamie Cullum,Wheels,219
Jamie Foxx featuring Justin Timberlake and T.I.,Winner,243
Jamie Foxx featuring T-Pain,Blame It,261
Jamie Scott,Unbreakable,263
Janet,Feedback,235
Janet Jackson,Someone to Call My Lover,272
Janet Jackson,Together Again,301
Janet Jackson,All for You,262
Janet Jackson,Doesn't Really Matter,256
Jaron and the Long Road to Love,Pray for You,185
Jason Aldean,Burnin' It Down,223
Jason Aldean,Dirt Road Anthem,225
Jason Derulo,In My Head,196
Jason Derulo,The Other Side,225
Jason Derulo,Want to Want Me,205
Jason Derulo,It Girl,187
Jason Derulo,Whatcha Say,219
Jason Derulo,Trumpets,213
Jason Derulo,Ridin' Solo,203
Jason Derulo featuring 2 Chainz,Talk Dirty,176
Jason Mraz,I'm Yours,211
Jay Sean featuring Lil Wayne,Down,207
Jay Sean featuring Sean Paul and Lil Jon,Do You Remember,207
Jay-Z,Excuse Me Miss,229
Jay-Z,Hard Knock Life (Ghetto Anthem) (Edit),216
Jay-Z featuring Beyoncé,03 Bonnie & Clyde,203
JC Chasez,Blowin' Me Up (With Her Love),259
Jennette McCurdy,Stronger,204
Jennifer Lopez,I'm Glad,221
Jennifer Lopez,I'm Real,195
Jennifer Lopez,Ain't It Funny,240
Jennifer Lopez,Waiting for Tonight,245
Jennifer Lopez,Jenny from the Block,168
Jennifer Lopez,Play,210
Jennifer Lopez,Love Don't Cost a Thing,220
Jennifer Lopez featuring Nas,I'm Gonna Be Alright (Trackmasters Remix),171
Jennifer Lopez featuring Pitbull,On the Floor,227
Jennifer Love Hewitt,BareNaked,198
Jeremih featuring 50 Cent,Down on Me,227
Jerrod Niemann,"Lover, Lover",203
Jessica Jarrell,Almost Love (24/7),199
Jessica Simpson,With You,189
Jessica Simpson,A Little Bit,224
Jessica Simpson,Angels,243
Jessica Simpson,A Public Affair,199
Jessica Simpson,Take My Breath Away,189
Jessica Simpson,I Think I'm in Love with You,216
Jessica Sutta,Show Me,222
Jessie J,Domino,228
Jessie J featuring B.o.B,Price Tag,197
"Jessie J, Ariana Grande and Nicki Minaj",Bang Bang,196
Jidenna featuring Roman GianArthur,Classic Man,223
JIVEjones,"Me, Myself & I",208
Jodie Abacus,I'll Be That Friend,210
Joe,I Wanna Know,279
Joe Budden,Pump It Up,237
Joe featuring Mystikal,Stutter (Double Take Remix),212
John Legend,Used to Love U,209
John Legend,Ordinary People,240
John Legend,All of Me,269
John Legend featuring André 3000,Green Light,232
John Mayer,Say,226
JoJo,Baby It's You,192
JoJo,Too Little Too Late,219
JoJo,Leave (Get Out),226
JoJo featuring Wiz Khalifa,No Apologies,195
Jon Bellion,All Time Low,214
Jordin Sparks,Tattoo,230
Jordin Sparks,One Step at a Time,214
Jordin Sparks,Battlefield,237
Jordin Sparks and Chris Brown,No Air,261
Jukebox the Ghost,Postcard,208
Justin Bieber,Boyfriend,170
Justin Bieber,Love Yourself,231
Justin Bieber,Sorry,198
Justin Bieber featuring Big Sean,As Long as You Love Me,226
Justin Bieber featuring Ludacris,Baby,213
Justin Bieber featuring Usher,Somebody to Love (Remix),216
Justin Timberlake,Rock Your Body,266
Justin Timberlake,Señorita,274
Justin Timberlake,Mirrors,276
Justin Timberlake,TKO,286
Justin Timberlake,Take Back the Night,353
Justin Timberlake,LoveStoned,258
Justin Timberlake,Summer Love,249
Justin Timberlake,Not a Bad Thing,265
Justin Timberlake,Can't Stop the Feeling! (Original Song from DreamWorks Animation's Trolls),233
Justin Timberlake featuring Clipse,Like I Love You,280
Justin Timberlake featuring Jay Z,Suit & Tie,267
Justin Timberlake featuring T.I.,My Love,277
Justin Timberlake featuring Timbaland,SexyBack,241
Juvenile featuring Soulja Slim,Slow Motion,247
K-Ci & JoJo,All My Life,331
K-Ci & JoJo,Crazy,217
K-Ci & JoJo,Tell Me It's Real,224
Kandi,Don't Think I'm Not,229
Kanye West,Can't Tell Me Nothing,270
Kanye West,Heartless,208
Kanye West featuring Dwele,Flashing Lights,237
Kardinal Offishall featuring Akon,Dangerous,231
Karmin,Brokenhearted,225
Karmin,Hello,235
Katharine McPhee,Had It All,184
Katy Perry,Rise,196
Katy Perry,This Is How We Do,201
Katy Perry,Unconditionally,227
Katy Perry,Roar,222
Katy Perry,Part of Me,212
Katy Perry,Wide Awake,219
Katy Perry,Hot n Cold,219
Katy Perry,Teenage Dream,227
Katy Perry,Last Friday Night (T.G.I.F.),230
Katy Perry,Waking Up in Vegas,197
Katy Perry,Firework,225
Katy Perry,The One That Got Away,226
Katy Perry,Thinking of You,236
Katy Perry,Birthday,212
Katy Perry featuring Juicy J,Dark Horse,212
Katy Perry featuring Kanye West,E.T.,228
Katy Perry featuring Snoop Dogg,California Gurls,232
Kaya Stewart,Sleepover,190
Ke$ha,Take It Off,211
Keith Anderson,I Still Miss You,235
Keith Urban,Days Go By,224
Keith Urban,Everybody,235
Keith Urban,Somebody Like You,222
Keith Urban,You'll Think of Me,292
Keith Urban,You're My Better Half,237
Keith Urban,Only You Can Love Me This Way,247
Keith Urban,I Told You So,238
Keith Urban,Making Memories of Us,249
Keith Urban,Sweet Thing,231
Keith Urban,Tonight I Wanna Cry,258
Kelis featuring Too Short,Bossy,272
Kelly Clarkson,Because of You,219
Kelly Clarkson,Heartbeat Song,197
Kelly Clarkson,Stronger (What Doesn't Kill You),219
Kelly Clarkson,Dark Side,222
Kelly Clarkson,My Life Would Suck Without You,211
Kelly Clarkson,Catch My Breath,247
Kelly Clarkson,Behind These Hazel Eyes,195
Kelly Clarkson,Mr. Know It All,229
Kelly Clarkson,Already Gone,277
Kelly Clarkson,Never Again,214
Kelly Clarkson,Piece by Piece (Idol version),210
Kelly Clarkson,Walk Away,186
Kelly Rowland,Stole,248
Kenny Chesney,Summertime,205
Kent Jones,Don't Mind,195
Keri Hilson featuring Kanye West and Ne-Yo,Knock You Down,250
Kesha,Tik Tok,198
Kesha,C'Mon,212
Kesha,Die Young,211
Kesha,Your Love Is My Drug,185
Kesha,Blow,218
Kesha,We R Who We R,204
Kesha featuring Juicy J,Crazy Kids (Remix),229
Kevin Rudolf featuring Lil Wayne,Let It Rock,230
Kid Cudi,Day 'n' Nite,220
Kid Ink featuring Chris Brown,Show Me,216
Kiesza,Hideaway,251
Kodaline,All I Want,228
Kongos,Come with Me Now,210
Krewella,Alive,206
Kris Allen,Live Like We're Dying,208
KT Tunstall,Suddenly I See,198
KT Tunstall,Black Horse and the Cherry Tree,170
Kungs and Cookin' on 3 Burners,This Girl,193
Kylie Minogue,Love at First Sight,236
Kylie Minogue,Can't Get You Out of My Head,229
La Roux,Bulletproof,205
Labrinth featuring Busta Rhymes,Earthquake,259
Labrinth featuring Emeli Sandé,Beneath Your Beautiful,270
Lady Antebellum,Need You Now,232
Lady Antebellum,I Run to You,253
Lady Antebellum,American Honey,221
Lady Antebellum,Just a Kiss,214
Lady Gaga,Bad Romance,258
Lady Gaga,Applause,210
Lady Gaga,Poker Face,236
Lady Gaga,Born This Way,259
Lady Gaga,Yoü and I,245
Lady Gaga,The Edge of Glory,259
Lady Gaga,LoveGame,215
Lady Gaga,Marry the Night,241
Lady Gaga,Alejandro,271
Lady Gaga featuring Colby O'Donis,Just Dance,239
Lady Gaga featuring R. Kelly,Do What U Want,225
Lana Del Rey,Summertime Sadness (Cedric Gervais Remix Edit),213
LANY,ILYSB,208
Lenny Kravitz,Dig In,214
Lenny Kravitz,I Belong to You,255
Lenny Kravitz,Stillness of Heart,254
Lenny Kravitz,Fly Away,221
Lenny Kravitz,Again,226
Lenny Kravitz,Lady,220
Lenny Kravitz,Where Are We Runnin'?,153
Lenny Kravitz,American Woman,231
Leona Lewis,Bleeding Love,237
Leona Lewis,Better in Time,233
Lifehouse,Whatever It Takes,204
Lifehouse,Halfway Gone,193
Lifehouse,First Time,201
Lifehouse,Hanging by a Moment,215
Lifehouse,You and Me,207
Lil Playy featuring Matthew Koma,Birthday Dress,203
Lil Wayne featuring Static Major,Lollipop,247
Lil Wayne featuring T-Pain,Got Money,244
Lil' Flip featuring Lea,Sunshine,220
Lilly Wood and the Prick and Robin Schulz,Prayer in C (Robin Schulz Radio Edit),188
Lily Allen,Smile,194
Limp Bizkit,Nookie,268
Lindsay Lohan,Rumors,188
Lisa Marie Presley,Lights Out,217
Little Big Town,Pontoon,221
Little Big Town,Girl Crush,193
Liz Phair,Why Can't I?,207
LL Cool J,Luv U Better,206
Lloyd,Get It Shawty,208
Lloyd featuring Lil Wayne,You,269
LMFAO,Sorry for Party Rocking,203
LMFAO,Sexy and I Know It,197
LMFAO featuring Lauren Bennett and GoonRock,Party Rock Anthem,231
Lorde,Royals,188
Lorde,Team,191
Los Lonely Boys,Heaven,220
Ludacris,Rollout (My Business),240
Ludacris featuring Bobby Valentino,Pimpin' All Over the World,238
Ludacris featuring Nicki Minaj,My Chick Bad,216
Ludacris featuring Shawnna,Stand Up,213
Ludacris featuring Usher and David Guetta,Rest of My Life,231
Lukas Graham,Mama Said,206
Lukas Graham,7 Years,236
Luke Bryan,Drink a Beer,205
Luke Bryan,That's My Kind of Night,191
Luke Bryan,Drunk on You,223
Luke Bryan,Strip It Down,242
Luke Bryan,I Don't Want This Night to End,217
Luke Bryan,Play It Again,229
Lumidee,"Never Leave You (Uh Oooh, Uh Oooh)",182
Lupe Fiasco,The Show Goes On,234
Lyfe Jennings,Must Be Nice,223
Lyfe Jennings featuring LaLa Brown,S.E.X.,199
M83,Midnight City,240
Macy Gray,I Try,236
Madonna featuring Nicki Minaj and M.I.A.,Give Me All Your Luvin',201
Maggie Rogers,Alaska,185
Magic!,Rude,222
Major Lazer and DJ Snake featuring MØ,Lean On,175
Mandy Moore,Crush,229
Mandy Moore,Candy,234
Mandy Moore,In My Pocket,218
Mandy Moore,I Wanna Be with You,252
Marc Anthony,I Need to Know,227
Marc Anthony,I've Got You,236
Marcy Playground,Sex & Candy,172
Maren Morris,My Church,195
Maria K.,Starbucks Smile,204
Mariah Carey,Don't Forget About Us,233
Mariah Carey,Obsessed,236
Mariah Carey featuring Miguel,#Beautiful,199
Mark Ronson featuring Bruno Mars,Uptown Funk,267
Maroon 5,Maps,188
Maroon 5,Sugar,232
Maroon 5,Love Somebody,227
Maroon 5,Payphone,221
Maroon 5,One More Night,219
Maroon 5,Daylight,221
Maroon 5,Misery,206
Maroon 5,This Summer's Gonna Hurt Like a Mother...,223
Maroon 5,Animals,228
Maroon 5 featuring Christina Aguilera,Moves like Jagger,200
Maroon 5 featuring Kendrick Lamar,Don't Wanna Know,212
Martin Garrix & Bebe Rexha,In the Name of Love,196
Mary J. Blige,Family Affair,239
Mary J. Blige,Just Fine,238
Mary Lambert,She Keeps Me Warm,229
Matt Nathanson,Come On Get Higher,212
Matthew Koma,One Night,213
Meghan Trainor,Me Too,179
Meghan Trainor,All About That Bass,187
Meghan Trainor,Lips Are Movin,179
Meghan Trainor,No,210
Meghan Trainor featuring John Legend,Like I'm Gonna Lose You,219
Metro Station,Shake It,177
Michael Franti & Spearhead,I'll Be Waiting,226
Michael Franti & Spearhead featuring Cherine Anderson,Say Hey (I Love You),217
Midnight Red,Take Me Home,213
Mike Posner,Please Don't Go,195
Mike Posner,Cooler Than Me,212
Mike Posner,I Took a Pill in Ibiza (SeeB Remix),193
Miley Cyrus,Wrecking Ball,221
Miley Cyrus,We Can't Stop,229
Miley Cyrus,Adore You,276
Mims,Like This,205
Mindless Behavior,My Girl,239
Miranda Cosgrove,Kissin U,196
Miranda Cosgrove,About You Now,190
Miranda Lambert,The House That Built Me,246
Missy Elliott featuring Ciara and Fat Man Scoop,Lose Control,180
MKTO,Classic,175
MKTO,Classic,172
Moby,We Are All Made of Stars,213
Montell Jordan,Get It On Tonite,275
Morning Parade,Alienation,262
Mr Probz,Waves (Robin Schulz Radio Edit),204
Mr. Cheeks,"Lights, Camera, Action!",260
Murphy Lee featuring Jermaine Dupri,Wat Da Hook Gon Be,224
Musiq Soulchild,Halfcrazy,249
Mýa,My Love Is Like...Wo,206
Mýa,Case of the Ex,230
Mystikal,Shake It Fast,253
Mystikal featuring Nivea,Danger (Been So Long),212
N Sync,Gone,290
N.O.R.E.,Nothin',237
Nas,I Can,248
Nas,Made You Look,201
Natalia Kills,Trouble,258
Natalie La Rose featuring Jeremih,Somebody,188
Natasha Bedingfield,Unwritten,231
Natasha Bedingfield,Pocketful of Sunshine,181
Natasha Bedingfield,"These Words (I Love You, I Love You)",215
Natasha Bedingfield featuring Sean Kingston,Love Like This,220
Naughty Boy featuring Sam Smith,La La La,216
Ne-Yo,Mad,251
Ne-Yo,Let Me Love You (Until You Learn to Love Yourself),250
Ne-Yo,Closer,234
Ne-Yo,Sexy Love,218
Ne-Yo,Because of You,225
Ne-Yo,Miss Independent,229
Ne-Yo,When You're Mad,217
Nelly,Hey Porsche,206
Nelly,Hot in Herre,228
Nelly,Just a Dream,235
Nelly featuring City Spud,Ride wit Me,253
Nelly featuring Jaheim,My Place,271
Nelly featuring Paul Wall and Ali & Gipp,Grillz,270
Nelly featuring St. Lunatics,Air Force Ones,270
Nelly featuring Tim McGraw,Over and Over,251
Nelly Furtado,Say It Right,225
Nelly Furtado,Turn Off the Light,275
Nelly Furtado featuring Timbaland,Promiscuous,220
Neon Hitch,Poisoned with Love,223
Neon Trees,Everybody Talks,177
Neon Trees,Animal,210
New Politics,Harlem,162
New Radicals,You Get What You Give,301
Niall Horan,This Town,229
Nick Cannon featuring R. Kelly,Gigolo,237
Nick Fradiani,Beautiful Life,208
Nick Jonas,Jealous,220
Nick Jonas,Chains,200
Nick Jonas featuring Tove Lo,Close,232
Nick Lachey,I Can't Hate You Anymore,231
Nick Lachey,What's Left of Me,244
Nickelback,Photograph,231
Nickelback,Someday,205
Nickelback,If Everyone Cared,215
Nickelback,If Today Was Your Last Day,245
Nickelback,Far Away,236
Nickelback,Rockstar,252
Nickelback,How You Remind Me,222
Nickelback,When We Stand Together,187
Nickelback,Lullaby,225
Nickelback,This Afternoon,252
Nickelback,Gotta Be Somebody,250
Nickelback,Savin' Me,217
Nicki Minaj,Anaconda,199
Nicki Minaj,Pound the Alarm,202
Nicky Davey,Been Lovin' You,229
Nico & Vinz,Am I Wrong,243
Nikki Williams,Glowing,245
Nina Sky featuring Jabba,Move Ya Body,231
Nine Days,Absolutely (Story of a Girl),191
Nivea featuring Brian and Brandon Casey of Jagged Edge,Don't Mess with My Man,210
No Doubt,It's My Life,226
No Doubt featuring Lady Saw,Underneath It All,247
Norah Jones,Sunrise,199
Norah Jones,Don't Know Why,183
NSYNC,Pop,174
NSYNC,This I Promise You,283
NSYNC,Bye Bye Bye,199
NSYNC,It's Gonna Be Me,191
Of Monsters and Men,Little Talks (Edit),252
OK Go,Here It Goes Again,163
Oleander,Why I'm Here,240
Olly Murs featuring Flo Rida,Troublemaker,183
Omarion,Ice Box,239
Omarion,O,246
OMI,Cheerleader (Felix Jaehn Remix Radio Edit),180
One Direction,Kiss You,179
One Direction,Story of My Life,244
One Direction,Night Changes,224
One Direction,One Thing,193
One Direction,What Makes You Beautiful,197
One Direction,Live While We're Young,198
One Direction,Steal My Girl,225
OneRepublic,Stop and Stare,219
OneRepublic,Love Runs Out,222
OneRepublic,Counting Stars,255
OneRepublic,I Lived,234
OneRepublic,Feel Again,176
OneRepublic,All the Right Moves,236
OneRepublic,Secrets,222
OneRepublic,Good Life,249
Orianthi,According to You,197
Our Lady Peace,Somewhere Out There,250
Outkast,Hey Ya!,231
Owl City,Fireflies,225
Owl City and Carly Rae Jepsen,Good Time,201
Parachute,You and Me,213
Paramore,Still Into You,214
Paramore,Crushcrushcrush,179
Paramore,The Only Exception,264
Paramore,Ain't It Fun,230
Parson James,Temple,246
Passenger,Let Her Go,249
Paulina Rubio,Don't Say Goodbye (Radio Edit),218
Petey Pablo,Raise Up (All Cities Remix),238
Petey Pablo,Freek-a-Leek,233
Pharrell Williams,Happy,231
Phillip Phillips,Home,208
Phoebe Ryan,Chronic,196
Pia Mia,On My Mind,184
Pink,Blow Me (One Last Kiss),229
Pink,Please Don't Leave Me,229
Pink,Try,245
Pink,So What,213
Pink,Who Knew,206
Pink,F**kin' Perfect,210
Pink,U + Ur Hand,212
Pink,Raise Your Glass,200
Pink,Sober,249
Pink,Just Like Fire (From the Original Motion Picture Alice Through the Looking Glass),213
Pink featuring Nate Ruess,Just Give Me a Reason,241
Pink featuring Redman,Get the Party Started/Sweet Dreams,242
Pitbull,Back in Time (from Men in Black III),204
Pitbull,I Know You Want Me (Calle Ocho),182
Pitbull,Hotel Room Service,237
Pitbull and Ne-Yo,Time of Our Lives,211
Pitbull featuring Chris Brown,Fun,201
Pitbull featuring Chris Brown,International Love,225
Pitbull featuring Christina Aguilera,Feel This Moment,226
Pitbull featuring Flo Rida and LunchMoney Lewis,Greenlight,235
Pitbull featuring G.R.L.,Wild Wild Love,201
Pitbull featuring John Ryan,Fireball,234
Pitbull featuring Kesha,Timber,202
"Pitbull featuring Ne-Yo, Afrojack and Nayer",Give Me Everything,252
Pitbull featuring T-Pain,Hey Baby (Drop It to the Floor),204
Pitbull featuring TJR,Don't Stop the Party,205
Plain White T's,Hey There Delilah,230
Psy,Gangnam Style,217
Pussycat Dolls,When I Grow Up,233
Pussycat Dolls,I Hate This Part,217
Pussycat Dolls featuring Snoop Dogg,Buttons,226
R. City featuring Adam Levine,Locked Away,225
R. Kelly,Thoia Thoing,220
R. Kelly,When a Woman's Fed Up (Clean Version),278
R. Kelly,I Wish,249
R. Kelly,If I Could Turn Back the Hands of Time,298
R. Kelly featuring Jay-Z and Boo & Gotti,Fiesta Remix,265
Rachel Platten,Stand by You,217
Rachel Platten,Fight Song,201
Radiohead,Karma Police,261
Rae Sremmurd,No Flex Zone,231
Rae Sremmurd featuring Gucci Mane,Black Beatles,291
Ray J,One Wish,237
Ray J featuring Yung Berg,Sexy Can I?,204
Relient K,Who I Am Hates Who I've Been,232
Relient K,Be My Escape,190
Rihanna,If It's Lovin' That You Want,206
Rihanna,Don't Stop the Music,263
Rihanna,Disturbia,236
Rihanna,Rude Boy,222
Rihanna,Unfaithful,226
Rihanna,Shut Up and Drive,211
Rihanna,Pon de Replay,213
Rihanna,S&M,241
Rihanna,Cheers (Drink to That),238
Rihanna,Only Girl (In the World),232
Rihanna,Rehab,293
Rihanna,SOS,239
Rihanna featuring Jeezy,Hard,249
Rihanna featuring Sean Paul,Break It Off,213
Rixton,Me and My Broken Heart,191
Robbie Williams,Feel,263
Robbie Williams,Millennium,246
Robin Schulz featuring Francesco Yates,Sugar,218
Robin Thicke featuring T.I. and Pharrell Williams,Blurred Lines,261
Runner Runner,So Obvious,226
Ryan Star,Stay Awhile,216
S Club 7,Never Had a Dream Come True,240
Saliva,Always,230
Sam Hunt,Take Your Time,218
Sam Smith,I'm Not the Only One,201
Sam Smith,Stay with Me,171
Samantha Mumba,"Baby, Come Over (This Is Our Night)",211
Samantha Mumba,Gotta Tell You,199
Sammy Adams,Blow Up,176
Santana featuring Chad Kroeger of Nickelback,Into the Night,220
Sara Bareilles,Brave,217
Sara Bareilles,Love Song,256
Sara Bareilles,King of Anything,205
Sarah Connor,Bounce,220
Savage featuring Soulja Boy Tell 'Em,Swing,218
Savage Garden,I Knew I Loved You,250
Saving Abel,Addicted,222
Saving Abel,18 Days,228
Saving Jane,Girl Next Door,202
Sean Kingston,Take You There,236
Sean Kingston,Beautiful Girls,223
Sean Paul,Temperature,216
Selena Gomez,Come & Get It,230
Selena Gomez,Slow Down,208
Selena Gomez,The Heart Wants What It Wants,224
Selena Gomez,Hands to Myself,199
Selena Gomez,Same Old Love,227
Selena Gomez,Kill Em with Kindness,211
Selena Gomez & the Scene,Who Says,189
Selena Gomez & the Scene,Love You Like a Love Song,185
Selena Gomez featuring A$AP Rocky,Good for You,219
Semisonic,Closing Time,274
"Seven Lions featuring Myon, Shane 54 and Tove Lo",Strangers,201
Shaggy,It Wasn't Me,227
Shakira,"Whenever, Wherever",195
Shakira,Objection (Tango),218
Shakira,Underneath Your Clothes,219
Shakira,She Wolf,185
Shakira,La Tortura,212
Shawn Mendes,Life of the Party,212
Shawn Mendes,Treat You Better,186
Shawn Mendes,Stitches,205
Sheryl Crow,The First Cut Is the Deepest,224
Sheryl Crow,My Favorite Mistake,247
Shontelle,Impossible,223
Sia,Chandelier,213
Sia featuring Kendrick Lamar,The Greatest,203
Sia featuring Sean Paul,Cheap Thrills,218
Sick Puppies,Maybe,200
Sigala featuring John Newman and Nile Rodgers,Give Me Your Love,205
Silentó,Watch Me (Whip/Nae Nae),179
Sisqó,Incomplete,231
Skrillex and Diplo featuring Justin Bieber,Where Are Ü Now,243
Sky Ferreira,Everything Is Embarrassing,247
Sky Ferreira,Obsession,221
Skye Sweetnam,Tangled Up in Me,161
Skylar Stecker,Crazy Beautiful,209
Smallpools,Dreaming,215
Smash Mouth,I'm a Believer,184
Smash Mouth,Then the Morning Comes,182
Smash Mouth,All Star,199
Snoop Dogg,I Wanna Rock,236
Snoop Dogg featuring Pharrell,Drop It Like It's Hot,268
Snoop Dogg featuring Pharrell and Charlie Wilson,Beautiful,242
Sonique,It Feels So Good,238
soulDecision,Faded,204
Soulja Boy Tell 'Em,Crank That (Soulja Boy),221
Soulja Boy Tell 'em featuring Sammie,Kiss Me thru the Phone,192
Spice Girls,Goodbye (Single Version),283
Spice Girls,Say You'll Be There,236
Stacie Orrico,Stuck,222
Stacie Orrico,(There's Gotta Be) More to Life,199
Stanaj,Ain't Love Strange,196
Sublime,What I Got (Clean Version),168
Sugarland,Stuck Like Glue,256
Sum 41,The Hell Song,196
Sum 41,Fat Lip,178
Susan Justice,Eat Dirt,219
Swedish House Mafia featuring John Martin,Don't You Worry Child,209
Switchfoot,Dare You to Move,246
Switchfoot,Meant to Live,199
T-Pain,I'm Sprung,185
T-Pain,I'm n Luv,225
T-Pain featuring Lily Allen,5 O'Clock,210
T-Pain featuring Yung Joc,Buy U a Drank (Shawty Snappin'),228
T.I.,Whatever You Like,219
T.I. featuring Justin Timberlake,Dead and Gone,232
Taio Cruz,Dynamite,216
Taylor Swift,Fearless,251
Taylor Swift,Our Song,201
Taylor Swift,I Knew You Were Trouble,218
Taylor Swift,22,227
Taylor Swift,Blank Space,231
Taylor Swift,Ours,247
Taylor Swift,Teardrops on My Guitar,178
Taylor Swift,We Are Never Ever Getting Back Together,191
Taylor Swift,Style,229
Taylor Swift,You Belong with Me,227
Taylor Swift,Out of the Woods,233
Taylor Swift,Mine,239
Taylor Swift,Love Story,233
Taylor Swift,Wildest Dreams,216
Taylor Swift featuring Ed Sheeran,Everything Has Changed,243
Taylor Swift featuring Kendrick Lamar,Bad Blood,196
Teddy Geiger,These Walls,217
Teddy Geiger,For You I Will (Confidence),226
Télépopmusik,Breathe,207
Terror Squad featuring Fat Joe & Remy,Lean Back,247
Teyana Taylor featuring Pusha T and Yo Gotti,Maybe,245
Thalía featuring Fat Joe,I Want You,209
That Poppy,Lowlife,204
The All-American Rejects,Dirty Little Secret,193
The All-American Rejects,It Ends Tonight,244
The All-American Rejects,Gives You Hell,211
The All-American Rejects,Move Along,238
The Ataris,In This Diary,229
The Ataris,The Boys of Summer,241
The Black Eyed Peas,My Humps,223
The Black Eyed Peas,Shut Up,224
The Black Eyed Peas,Let's Get It Started,216
The Black Eyed Peas,Boom Boom Pow,216
The Black Eyed Peas,Imma Be,232
The Black Eyed Peas,Don't Phunk with My Heart,241
The Black Eyed Peas,The Time (Dirty Bit),250
The Black Eyed Peas,Just Can't Get Enough,219
The Black Eyed Peas,I Gotta Feeling,243
The Black Eyed Peas,Hey Mama,225
The Black Eyed Peas,Rock That Body,238
The Black Eyed Peas featuring Justin Timberlake,Where Is the Love?,229
The Chainsmokers,Selfie,181
The Chainsmokers featuring Daya,Don't Let Me Down,206
The Chainsmokers featuring Rozes,Roses,223
The Click Five,Just the Girl,230
The Fray,How to Save a Life,239
The Fray,You Found Me,240
The Fray,Over My Head (Cable Car),235
The Killers,Mr. Brightside,221
The Last Goodnight,Pictures of You,189
The Pussycat Dolls,Stickwitu,208
The Pussycat Dolls featuring Busta Rhymes,Don't Cha,216
The Ready Set,Give Me Your Hand,225
The Ready Set,Love Like Woe,199
The Red Jumpsuit Apparatus,Face Down,189
The Royal Concept,On Our Way,193
The Royal Concept,Smile,193
The Score,Oh My Love,215
The Script,Breakeven,255
The Script,Nothing,268
The Script featuring will.i.am,Hall of Fame,200
The Secret Sisters,Tennessee Me,140
The Temper Trap,Sweet Disposition,230
The Ting Tings,That's Not My Name,296
The Wanted,Glad You Came,197
The Weeknd,In the Night,233
The Weeknd,Can't Feel My Face,211
The Weeknd,The Hills,237
The Weeknd featuring Daft Punk,Starboy,227
The Wiseguys featuring Greg Nice,Start the Commotion,152
The Young Wild,Not a One,194
Thomas Rhett,Die a Happy Man,226
Three 6 Mafia,Poppin' My Collar,176
Three 6 Mafia featuring Young Buck and Eightball & MJG,Stay Fly,215
Three Days Grace,(I Hate) Everything About You,230
Three Days Grace,Never Too Late,207
Three Days Grace,Home,238
Three Days Grace,Just Like You,185
Tiffany Dunn,Shut the Front Door (Got My Girls),227
Timbaland featuring Keri Hilson & D.O.E.,The Way I Are,196
Timbaland featuring OneRepublic,Apologize,184
Tinie Tempah featuring Eric Turner,Written in the Stars,205
Toby Keith,Red Solo Cup,234
Tonic,If You Could Only See,261
Tori Kelly,Nobody Love,201
Tory Lanez,Luv,225
Tove Lo,Talking Body,235
Tove Lo,Habits (Stay High),205
Toy Connor,Be in Love Tonight,186
Trace Adkins,Honky Tonk Badonkadonk,239
Trace Adkins,You're Gonna Miss This,223
Train,"Hey, Soul Sister",213
Train,Meet Virginia,238
Train,Drive By,190
Train,50 Ways to Say Goodbye,245
Transviolet,New Bohemia,217
Trap Beckham,Birthday Chick,195
Travie McCoy featuring Bruno Mars,Billionaire,209
Trevor Hall,Brand New Day,210
Trey Songz featuring Nicki Minaj,Bottoms Up,239
Tristan Prettyman,My Oh My,217
Troye Sivan,Youth,182
U2,Walk On,296
U2,Sweetest Thing (The Single Mix),182
U2,Stuck in a Moment You Can't Get Out Of,221
U2,Beautiful Day,244
U2,Vertigo,190
Urban Cone,Old School,183
Usher,U Got It Bad,247
Usher,Scream,234
Usher,Numb,219
Usher,More,227
Usher featuring Juicy J,I Don't Mind,248
Usher featuring Pitbull,DJ Got Us Fallin' in Love,219
Usher featuring will.i.am,OMG,267
V V Brown featuring Chiddy Bang,Children,193
Vanessa Carlton,Ordinary Day,238
Vanessa Carlton,Pretty Baby,246
Vanessa Carlton,A Thousand Miles,235
Waka Flocka Flame featuring Roscoe Dash & Wale,No Hands,262
Walk the Moon,Shut Up and Dance,196
Walk the Moon,Anna Sun,217
Walk the Moon,Shut Up and Dance,196
Wallpaper,Drunken Hearts,216
Weathers,Happy Pills,201
Weezer,Beverly Hills,195
Westside Connection featuring Nate Dogg,Gangsta Nation,269
Will Smith,Switch,193
Willow Smith,Whip My Hair,193
Wiz Khalifa featuring Charlie Puth,See You Again (from Furious 7),227
Wrabel,Ten Feet Tall,216
X Ambassadors,Unsteady,188
X Ambassadors,Renegades,194
Yellowcard,Ocean Avenue,195
Young and Divine,Shake That Bubble,185
Young Jeezy featuring Kanye West,Put On,257
Young Money featuring Lloyd,BedRock,288
Yung Berg featuring Casha,The Business,230
Zach Heckendorf,All the Right Places,201
Zara Larsson,Uncover,211
Zara Larsson and MNEK,Never Forget You,211
Zay Hilfigerrr & Zayion McCall,Juju on That Beat (TZ Anthem),144
Zayn,Pillowtalk,203
Zedd featuring Foxes,Clarity,267
Zedd featuring Hayley Williams,Stay the Night,214
ZZ Ward,Last Love Song,209